,strain,stest,rtrain,rtest
0,,0.4304709653546073,,0.4336040800263587
