,strain,stest,rtrain,rtest
0,,0.399125957216733,,0.409832600462023
