,strain,stest,rtrain,rtest
0,,0.39008135141306344,,0.4250435592907688
