,strain,stest,rtrain,rtest
0,,0.40850753868345957,,0.4070967244245286
