,strain,stest,rtrain,rtest
0,,0.4045395003221486,,0.4647397415341172
