,strain,stest,rtrain,rtest
0,,0.6201704655062026,,0.570165931429036
