,strain,stest,rtrain,rtest
0,,0.45239491142032284,,0.4273236828553139
