,strain,stest,rtrain,rtest
0,,0.46071126297984594,,0.4618958745531245
